event_id,timestamp,method,path,status_code,response_time_ms
1791169803611-2509,2026-10-05T03:10:03.612Z,GET,/api/clientes,200,6
1791170100787-2862,2026-10-05T03:15:00.787Z,GET,/api/clientes,200,5
1791170421743-2623,2026-10-05T03:20:21.743Z,GET,/api/clientes,200,14
1791170421981-9272,2026-10-05T03:20:21.981Z,GET,/api/clientes,200,2
1791170422230-1061,2026-10-05T03:20:22.230Z,GET,/api/clientes,200,2
1791170422488-2313,2026-10-05T03:20:22.488Z,GET,/api/clientes,200,1
1791170422723-8792,2026-10-05T03:20:22.723Z,GET,/api/clientes,200,2
1791170422962-350,2026-10-05T03:20:22.962Z,GET,/api/clientes,200,2
1791170423187-9222,2026-10-05T03:20:23.187Z,GET,/api/clientes,200,3
1791170423447-8225,2026-10-05T03:20:23.447Z,GET,/api/clientes,200,1
1791170423675-3256,2026-10-05T03:20:23.675Z,GET,/api/clientes,200,2
1791170423932-5116,2026-10-05T03:20:23.932Z,GET,/api/clientes,200,2
1791170545036-3257,2026-10-05T03:22:25.036Z,POST,/api/clientes,201,718
1791170596077-7490,2026-10-05T03:23:16.077Z,PUT,/api/clientes/3,200,7
1791170629882-8523,2026-10-05T03:23:49.882Z,DELETE,/api/clientes/3,200,3
1791171010131-1655,2026-10-05T03:30:10.131Z,GET,/api/clientes,200,4
